﻿Designator,Footprint,Quantity,Value,LCSC Part #
C1,0201,1,0.1μF,
"C10, C11, C12, C13, C14, C15, C16, C17, C18, C19, C20, C21, C22, C23, C24, C25, C6, C7, C8, C9",0201,20,10nF,
"C2, C27, C4, C5",0402,4,0.1μF,
C26,0402,1,0.33μF,
C3,0402,1,2.2μF,
D1,0805,1,D,
J1,PinSocket_1x22_P2.54mm_Vertical,1,ESP32_Connector_0,
J2,PinSocket_1x22_P2.54mm_Vertical,1,ESP32_Connector_1,
J8,DSUB-25_Female_Horizontal_P2.77x2.54mm_EdgePinOffset9.40mm,1,DB25_Plug,
"R1, R2, R23, R24, R25",0402,5,10k,
"R10, R11, R12, R13, R14, R15, R16, R17, R18, R19, R20, R21, R22, R3, R4, R5, R6, R7, R8, R9",0201,20,1k,
"R26, R27, R28",0805,3,0,
U1,SOIC127P599X175-8N,1,SN65HVD232DR,
U2,SOP50P490X110-10N,1,ADS1015IDGSR,
U3,PQFN50P300X250X97-14N,1,ICM-42688-P,
"U4, U5, U6",S100146R,3,S1001-46R,
U7,TO-263-2,1,L7805,
